population,neighborhood,township,neighborhood_id,latitude,longitude
4693,Adnan Menderes,Arnavutköy,40490,41.21117942200278,28.70016339825508
47828,Anadolu,Arnavutköy,99359,41.186036498559716,28.74946286470569
23116,Arnavutköy Merkez,Arnavutköy,40478,41.182546301505184,28.737890672938565
10566,Atatürk,Arnavutköy,40482,41.190149302149145,28.76012510805287
12829,Boğazköy İstiklal,Arnavutköy,40483,41.18348761698082,28.768235098258465
8446,Bolluca,Arnavutköy,40487,41.19971909123478,28.768476515938215
8786,Deliklikaya,Arnavutköy,40910,41.10945496806008,28.661878097031632
3986,Fatih,Arnavutköy,40495,41.225557572724945,28.693085480069495
27328,Hadımköy,Arnavutköy,40913,41.162724978023405,28.62364494205515
11474,Haraççı,Arnavutköy,40489,41.17786698597403,28.70386654780763
10966,Hastane,Arnavutköy,40912,41.151450966695116,28.626275061305623
4141,Hicret,Arnavutköy,40486,41.19788786476645,28.757003155036955
12088,İmrahor,Arnavutköy,40481,41.20556109615587,28.744326207521933
27179,İslambey,Arnavutköy,40479,41.19393117334026,28.74469576868788
11086,Karlıbayır,Arnavutköy,40488,41.18142007373859,28.717438100099326
7116,Mareşal Fevzi Çakmak,Arnavutköy,40493,41.20500241423622,28.721683049376193
10249,Mavigöl,Arnavutköy,40485,41.21007139022934,28.76128283286952
7429,Mehmet Akif Ersoy,Arnavutköy,40491,41.20446736032859,28.70967332053621
17766,Mustafa Kemal Paşa,Arnavutköy,99358,41.19048718759947,28.729169954919605
11199,Nenehatun,Arnavutköy,99357,41.19708123952469,28.733000767129035
7471,Ömerli,Arnavutköy,40906,41.11885830282845,28.62931337205779
10345,Taşoluk,Arnavutköy,40492,41.19205105379804,28.713839740421474
3716,Tayakadın,Arnavutköy,191977,41.26999413903264,28.688497324477222
12961,Yavuz Selim,Arnavutköy,40480,41.20709102375257,28.733967975523765
20245,Yunus Emre,Arnavutköy,40484,41.18446003030833,28.76159657555022
12578,Aşıkveysel,Ataşehir,98687,41.004141685525745,29.091571317101817
32915,Atatürk,Ataşehir,99749,40.991021169425544,29.128231308372214
30731,Barbaros,Ataşehir,40527,40.9917371219505,29.09957486399261
32669,Esatpaşa,Ataşehir,40793,41.004108492279386,29.085053438709252
20464,Ferhatpaşa,Ataşehir,40577,40.98525420320643,29.180569154912494
11483,Fetih,Ataşehir,40795,41.00354524867718,29.076439854331557
70199,İçerenköy,Ataşehir,40530,40.970744153854916,29.112242866875043
31442,İnönü,Ataşehir,40534,40.97606609580046,29.13914666514963
41962,Kayışdağı,Ataşehir,40533,40.98216257885194,29.14372603334659
29256,Küçükbakkalköy,Ataşehir,40531,40.98339002583437,29.116234475395622
17639,Mevlana,Ataşehir,99516,40.987356625127944,29.153494811719067
9657,Mimar Sinan,Ataşehir,99519,40.98356182634549,29.16071077448909
13738,Mustafa Kemal,Ataşehir,40740,41.00117473721024,29.094202578747925
27068,Örnek,Ataşehir,40816,40.99568138883249,29.080710616538962
12759,Yeni Çamlıca,Ataşehir,40746,40.99054943471814,29.164420477946223
9429,Yenisahra,Ataşehir,40526,40.98875880523186,29.089264623970582
10877,Yenişehir,Ataşehir,99517,40.9948842839007,29.140388095493115
34420,Ambarlı,Avcılar,40146,40.97642319052059,28.71197942483023
61666,Cihangir,Avcılar,40148,40.99531492719167,28.694125443039965
40028,Denizköşkler,Avcılar,40147,40.97513402579647,28.734150953741526
23842,Firuzköy,Avcılar,40152,41.01275016838378,28.70502593765301
36640,Gümüşpala,Avcılar,40151,40.980721685302896,28.73986502820402
27127,Merkez,Avcılar,40145,40.98209925650909,28.72217531709918
45213,Mustafa Kemalpaşa,Avcılar,40150,41.001421692371025,28.704417266820855
66752,Tahtakale,Avcılar,40154,41.06340322093926,28.721301158924813
29932,Üniversite,Avcılar,40149,40.99027161944699,28.72192402358686
75314,Yeşilkent,Avcılar,40153,41.03570263488621,28.7014044099677
45610,100. Yıl,Bağcılar,40176,41.06333689568618,28.85201903283064
50175,15 Temmuz,Bağcılar,40169,41.03757423113668,28.816919194742606
16993,Bağlar,Bağcılar,40155,41.02611910796076,28.82142416144338
20085,Barbaros,Bağcılar,40157,41.0262877004548,28.8389335472262
32974,Çınar,Bağcılar,40163,41.03684390989482,28.86424231888964
54498,Demirkapı,Bağcılar,40171,41.04941859272492,28.835929914818138
40177,Fatih,Bağcılar,40172,41.05178147829701,28.84504489895743
32364,Fevzi Çakmak,Bağcılar,40173,41.045705242001816,28.856378618274366
40585,Göztepe,Bağcılar,40175,41.059827196483106,28.837297911783494
44823,Güneşli,Bağcılar,40168,41.037744336197534,28.828605481324384
25376,Hürriyet,Bağcılar,40156,41.02644837910613,28.832591346383253
22714,İnönü,Bağcılar,40159,41.02965079649128,28.85171390433531
26664,Kazım Karabekir,Bağcılar,40158,41.02741620206527,28.844109888712804
31892,Kemalpaşa,Bağcılar,40174,41.050952467181666,28.8516409125708
39528,Kirazlı,Bağcılar,40166,41.03457584766888,28.84045215859313
25326,Mahmutbey,Bağcılar,40170,41.05576833926511,28.821028306120184
26835,Merkez,Bağcılar,40162,41.031492620997795,28.863938547226905
19196,Sancaktepe,Bağcılar,40164,41.0387559158404,28.855596219116144
27178,Yavuz Selim,Bağcılar,40165,41.037740905257394,28.84965764039975
20790,Yenigün,Bağcılar,40161,41.022414447590066,28.859112570799617
33927,Yenimahalle,Bağcılar,40167,41.04215357496292,28.83791532791106
35884,Yıldıztepe,Bağcılar,40160,41.02445088782757,28.85328793871199
57559,Bahçelievler,Bahçelievler,40177,40.997592713318966,28.85053272401542
30609,Çobançeşme,Bahçelievler,40184,41.0012478367408,28.826354525967844
38835,Cumhuriyet,Bahçelievler,40181,41.01713639433391,28.85431805545735
23271,Fevzi Çakmak,Bahçelievler,40185,40.99905366603993,28.832406406650193
44511,Hürriyet,Bahçelievler,40187,40.999433993469324,28.839868488456528
70475,Kocasinan Merkez,Bahçelievler,40182,41.01685887763265,28.843633612404386
53894,Şirinevler,Bahçelievler,40178,40.998389744914135,28.846922565977504
60059,Siyavuşpaşa,Bahçelievler,40179,41.00276547624571,28.855175515416057
65254,Soğanlı,Bahçelievler,40180,41.01094215205596,28.854567994090946
36763,Yenibosna Merkez,Bahçelievler,40183,41.01387967680803,28.81838814620192
78856,Zafer,Bahçelievler,40186,41.00227581276771,28.83655262030735
14180,Ataköy 2-5-6. Kısım,Bakırköy,5,40.978111428237085,28.854881912279502
7672,Ataköy 3-4-11. Kısım,Bakırköy,4,40.98318069485092,28.85937977477002
26506,Ataköy 7-8-9-10. Kısım,Bakırköy,8,40.98753899850415,28.844149173191624
5940,Basınköy,Bakırköy,40200,40.97830475153012,28.78222274242012
5108,Cevizlik,Bakırköy,40192,40.97755167162659,28.87654058125782
34866,Kartaltepe,Bakırköy,40197,40.98845800778056,28.875416827646614
22495,Osmaniye,Bakırköy,40188,40.99530337857931,28.883160774303843
8557,Sakızağacı,Bakırköy,40191,40.97812488247376,28.88376113954859
27991,Şenlikköy,Bakırköy,40199,40.97433195524524,28.796395242461067
6328,Yenimahalle,Bakırköy,40190,40.98033028330061,28.88129644940865
24958,Yeşilköy,Bakırköy,40189,40.95837144752673,28.822030096305625
8393,Yeşilyurt,Bakırköy,40195,40.9673653135406,28.84266071060774
5097,Zeytinlik,Bakırköy,40193,40.97643638736268,28.87381037280222
20229,Zuhuratbaba,Bakırköy,40198,40.9896090933505,28.864566343030194
26909,Altınşehir,Başakşehir,40598,41.067651240748155,28.752056103217058
37332,Bahçeşehir 1. Kısım,Başakşehir,40871,41.091844944548534,28.67946256616869
61602,Bahçeşehir 2. Kısım,Başakşehir,40872,41.074189131112554,28.67621765560798
70658,Başak,Başakşehir,40357,41.10805022339095,28.80721480696483
71244,Başakşehir,Başakşehir,40581,41.10667312426444,28.78580407027429
76217,Güvercintepe,Başakşehir,40597,41.08119022483429,28.752008389216975
112367,Kayabaşı,Başakşehir,40583,41.12378006491627,28.770144639796246
31567,Şahintepe,Başakşehir,40584,41.07663788144915,28.72634305046773
31210,Ziya Gökalp,Başakşehir,40585,41.07803187015131,28.784180087278312
28855,Altıntepsi,Bayrampaşa,40207,41.03895719413614,28.89843655208926
18555,Cevatpaşa,Bayrampaşa,40203,41.07131852189855,28.883215113135677
14710,İsmet Paşa,Bayrampaşa,40209,41.04290540949909,28.90635649844881
43124,Kartaltepe,Bayrampaşa,40211,41.05577104024169,28.90194628020297
20414,Kocatepe,Bayrampaşa,40212,41.05285942286894,28.895010777162287
32944,Muratpaşa,Bayrampaşa,40213,41.048757314448956,28.907080160885002
15180,Orta,Bayrampaşa,40204,41.03346237125685,28.914496684737387
15206,Terazidere,Bayrampaşa,40206,41.03214458970315,28.90131361883427
9339,Vatan,Bayrampaşa,40205,41.033315026060414,28.906986770753853
17941,Yenidoğan,Bayrampaşa,40208,41.037884347954844,28.9148262260334
52035,Yıldırım,Bayrampaşa,40210,41.06487330862576,28.893082176509356
4157,Abbasağa,Beşiktaş,40219,41.04972047818057,29.00521625909106
12328,Akat,Beşiktaş,40234,41.08581112028864,29.026668787380604
3409,Arnavutköy,Beşiktaş,40231,41.06892857494464,29.038421099817427
2915,Balmumcu,Beşiktaş,40223,41.05854463238392,29.014367436426962
5300,Bebek,Beşiktaş,40232,41.07785390878513,29.040784126749713
3521,Cihannüma,Beşiktaş,40217,41.046755907069475,29.00783963160657
14787,Dikilitaş,Beşiktaş,40221,41.0554446640246,29.0045826080339
10419,Etiler,Beşiktaş,40233,41.08454995159396,29.037008424328526
12786,Gayrettepe,Beşiktaş,40222,41.062562934103404,29.005950462572397
15878,Konaklar,Beşiktaş,40236,41.09183545969195,29.012616986176834
4435,Kültür,Beşiktaş,40229,41.07270397699568,29.033011518558915
2787,Kuruçeşme,Beşiktaş,40228,41.06193193538835,29.03476268188962
6017,Levazım,Beşiktaş,40226,41.06242366956643,29.01981195719205
2766,Levent,Beşiktaş,40235,41.08138354649191,29.0170309748895
9710,Mecidiye,Beşiktaş,40224,41.05113507422575,29.021824636819105
4505,Muradiye,Beşiktaş,40216,41.048174849440635,28.99913390455319
10943,Nisbetiye,Beşiktaş,40230,41.07240082918629,29.022036608317073
9121,Ortaköy,Beşiktaş,40225,41.054825555668415,29.027536079036405
2162,Sinanpaşa,Beşiktaş,40215,41.04295176856919,29.004587295034938
9615,Türkali,Beşiktaş,40218,41.04653717593639,29.00224144587794
6761,Ulus,Beşiktaş,40227,41.06469728716146,29.027400311448982
8337,Vişnezade,Beşiktaş,40214,41.041741971223956,28.999226515702865
4605,Yıldız,Beşiktaş,40220,41.04626509265381,29.01281631963652
8915,Acarlar,Beykoz,40250,41.11241394826501,29.128214710167725
2695,Akbaba,Beykoz,191701,41.15122482857436,29.115168319267877
2499,Anadolu Hisarı,Beykoz,40243,41.08616638664295,29.071508785307284
3181,Baklacı,Beykoz,40257,41.066459356234624,29.157955355689925
6133,Çamlıbahçe,Beykoz,40253,41.14815312262632,29.083770877364056
5414,Çengeldere,Beykoz,40258,41.09617925925065,29.14463295385226
5740,Çiftlik,Beykoz,40259,41.08160046448818,29.146478152242807
10888,Çiğdem,Beykoz,40240,41.110060267341645,29.094299147799617
20302,Çubuklu,Beykoz,40241,41.102480394431545,29.086577330000285
3122,Elmalı,Beykoz,191711,41.138892038352076,29.12975720270901
4251,Fatih,Beykoz,40260,41.08951509681103,29.12221709706073
2320,Göksu,Beykoz,40244,41.077240957126044,29.071395600085538
2070,Görele,Beykoz,191713,41.109559287660126,29.147522836362047
9388,Göztepe,Beykoz,40246,41.08041406961307,29.080783795243427
12996,Gümüşsuyu,Beykoz,40237,41.12729501436405,29.104631422538873
16602,İncirköy,Beykoz,40238,41.118377070052134,29.104678228111176
3819,Kanlıca,Beykoz,40242,41.09970306144988,29.071612901774067
22138,Kavacık,Beykoz,40247,41.08947659076845,29.08275138329815
5819,Merkez,Beykoz,40251,41.137266996577615,29.095328991775744
4299,Örnekköy,Beykoz,191721,41.14199705535966,29.150354004439112
7754,Ortaçeşme,Beykoz,40254,41.145829994461465,29.091420425354222
3677,Paşabahçe,Beykoz,40239,41.11434894639866,29.093653695271552
3555,Riva,Beykoz,191707,41.22536447715039,29.222489005205244
7852,Rüzgarlıbahçe,Beykoz,40248,41.0974795180017,29.099108739630275
10796,Soğuksu,Beykoz,40249,41.1118582198575,29.11084054980904
13445,Tokatköy,Beykoz,40255,41.15535461872443,29.09232267709639
5234,Yalıköy,Beykoz,40252,41.141625501688914,29.0790775318581
5516,Yavuz Selim,Beykoz,40261,41.08622891514172,29.160829532296024
19200,Yeni Mahalle,Beykoz,40245,41.06802538341204,29.083710814554102
110707,Adnan Kahveci,Beylikdüzü,40869,40.9992433581036,28.628520142809442
56311,Barış,Beylikdüzü,40875,40.999785046157925,28.651365356087055
21280,Büyükşehir,Beylikdüzü,40877,41.005733678611946,28.646013392477826
26003,Cumhuriyet,Beylikdüzü,40874,41.01115976363444,28.63918320553148
20733,Dereağzı,Beylikdüzü,40870,40.973041988405846,28.616844004388707
20753,Gürpınar,Beylikdüzü,40867,40.987030695927864,28.602657512302702
63026,Kavaklı,Beylikdüzü,40873,40.97892842734572,28.639512253138367
31737,Marmara,Beylikdüzü,40893,40.979957306701806,28.671272807790505
7498,Sahil,Beylikdüzü,40876,40.9648933406658,28.643037165708705
57229,Yakuplu,Beylikdüzü,40894,40.99414218013747,28.67392373618571
2789,Bülbül,Beyoğlu,40292,41.03903557038311,28.979866564633003
2498,Camiikebir,Beyoğlu,40301,41.03301549199886,28.967180147312448
2025,Çatma Mescit,Beyoğlu,40283,41.032019522879054,28.971559462504352
3212,Cihangir,Beyoğlu,40275,41.03285252666779,28.98537398764494
12380,Fetihtepe,Beyoğlu,40262,41.04825590836285,28.956822235020713
3684,Firuzağa,Beyoğlu,40276,41.03034795693806,28.980450437644794
15236,Hacıahmet,Beyoğlu,40280,41.042150919519166,28.974193524151172
12348,Halıcıoğlu,Beyoğlu,40304,41.04833292291401,28.949237735020645
5077,İstiklal,Beyoğlu,40279,41.041629538752346,28.96937007387037
8957,Kadımehmet Efendi,Beyoğlu,40267,41.03420285092047,28.963762345034773
2346,Kalyoncu Kulluğu,Beyoğlu,40270,41.03685559492682,28.975393889730025
18800,Kaptanpaşa,Beyoğlu,40264,41.04211828533753,28.96387515824806
13602,Keçeci Piri,Beyoğlu,40302,41.04089693080336,28.95602386350924
2136,Kılıçali Paşa,Beyoğlu,40296,41.02875105507948,28.984036132383334
8394,Küçük Piyale,Beyoğlu,40268,41.03663457135074,28.967474243187255
8910,Kulaksız,Beyoğlu,40266,41.0373823665521,28.961884175998524
11185,Örnektepe,Beyoğlu,40305,41.05720157868996,28.95289065293471
15376,Piripaşa,Beyoğlu,40303,41.043966283954425,28.95089633871532
20663,Piyalepaşa,Beyoğlu,40263,41.04812486867783,28.96211255546155
3929,Sururi Mehmet Efendi,Beyoğlu,40289,41.03668130965511,28.972577989211477
12669,Sütlüce,Beyoğlu,40306,41.05185202936706,28.944832922582915
2362,Tomtom,Beyoğlu,40287,41.02978191199323,28.97768569318716
3326,Yahya Kahya,Beyoğlu,40290,41.03386262437586,28.971020523745768
5266,Yenişehir,Beyoğlu,40265,41.04235930873589,28.978240328127093
8468,19 Mayıs,Büyükçekmece,40850,41.025998581705004,28.5879651951293
8122,Alkent 2000,Büyükçekmece,40844,41.0776025153199,28.617421066110257
17102,Atatürk,Büyükçekmece,40845,41.012652314569834,28.603117504894595
4458,Bahçelievler,Büyükçekmece,40882,41.01770149282623,28.488752768887355
5517,Çakmaklı,Büyükçekmece,99334,41.05412712862072,28.62340633846912
7728,Celaliye,Büyükçekmece,40928,41.050249131734084,28.409171208641993
8404,Cumhuriyet,Büyükçekmece,40846,41.02021384591495,28.62395434910901
6388,Dizdariye,Büyükçekmece,40847,41.02206967509541,28.577539096985273
14790,Ekinoba,Büyükçekmece,40886,41.00872469404058,28.544388692404553
18432,Fatih,Büyükçekmece,40848,41.024563935907956,28.591668404552475
23034,Hürriyet,Büyükçekmece,40889,41.03138125420445,28.5438139225991
9266,Kamiloba,Büyükçekmece,40929,41.046382719472085,28.431145967439914
5981,Karaağaç,Büyükçekmece,40849,41.110397803104824,28.592083499322523
9424,Kumburgaz,Büyükçekmece,40884,41.03465816352009,28.45591149975764
20262,Mimaroba,Büyükçekmece,140376,41.004141884392986,28.53606759465204
9382,Mimarsinan,Büyükçekmece,40887,41.01661592434587,28.554816571352685
19099,Murat Çesme,Büyükçekmece,40888,41.016969070655534,28.5363772526835
22993,Pınartepe,Büyükçekmece,40868,41.00243343431108,28.609117655485697
15883,Sinanoba,Büyükçekmece,140374,40.99344587350945,28.538302652107724
15095,Türkoba,Büyükçekmece,40892,41.045910248437835,28.508239265848
16471,Ulus,Büyükçekmece,40890,41.02895435441186,28.55367132023422
2553,Yenimahalle,Büyükçekmece,40885,41.02425096276114,28.474931152688757
10046,Alemdağ,Çekmeköy,40749,41.0491330618125,29.23689037279485
20179,Aydınlar,Çekmeköy,40766,41.01781720405781,29.226540742968098
20265,Çamlık,Çekmeköy,40753,41.01630554969492,29.194357073889655
14851,Çatalmeşe,Çekmeköy,40750,41.052826773444636,29.243834224747598
17235,Cumhuriyet,Çekmeköy,40769,41.02274075315119,29.227012533893237
10321,Ekşioğlu,Çekmeköy,40751,41.030204290927564,29.2398040730913
12998,Güngören,Çekmeköy,40768,41.02614500675783,29.220696822289952
29774,Hamidiye,Çekmeköy,40754,41.025830626960136,29.187768856820732
10809,Kirazlıdere,Çekmeköy,40770,41.01924923174684,29.216795790201655
32848,Mehmet Akif,Çekmeköy,40755,41.01853857833961,29.186777644977752
32603,Merkez,Çekmeköy,40756,41.03745671304347,29.1752360278458
26750,Mimar Sinan,Çekmeköy,40757,41.03000249090332,29.179317243445087
12546,Nişantepe,Çekmeköy,40752,41.040495936215855,29.26432908389844
5702,Ömerli,Çekmeköy,40758,41.09050527957913,29.319172475409925
2887,Reşadiye,Çekmeköy,191997,41.07691372976084,29.25336199926084
10520,Soğukpınar,Çekmeköy,40767,41.02361443832965,29.234819748068336
20457,Sultançiftliği,Çekmeköy,40764,41.03046745028948,29.225332495950052
12508,Taşdelen,Çekmeköy,40765,41.03131401843881,29.231619057273875
9809,15 Temmuz,Esenler,317396,41.060821117230084,28.877097996324594
33180,Atışalanı,Esenler,40354,41.05721853899952,28.86943275887701
26141,Birlik,Esenler,40348,41.05048611023513,28.870822735583047
2108,Çifte Havuzlar,Esenler,40340,41.024660004554775,28.894285083893543
15622,Davutpaşa,Esenler,40342,41.032606307730994,28.890736379412186
40838,Fatih,Esenler,40350,41.041855737329904,28.866399387083373
30675,Fevzi Çakmak,Esenler,40345,41.04432215555071,28.88180187253062
33766,Kazım Karabekir,Esenler,40346,41.04604192739655,28.87346831860916
21571,Kemer,Esenler,40352,41.05113323123444,28.879053290401878
30677,Menderes,Esenler,40347,41.04167090196931,28.876952412504693
13184,Mimar Sinan,Esenler,40341,41.034898262058185,28.887676920456144
15704,Namık Kemal,Esenler,40344,41.0302304829694,28.89604713338802
39295,Nine Hatun,Esenler,40343,41.03567837696122,28.879513031259766
33595,Oruçreis,Esenler,40355,41.06394859194301,28.85841689692052
30909,Tuna,Esenler,40351,41.049003001398084,28.862497618836777
43080,Turgut Reis,Esenler,40353,41.060560090296015,28.863549335584178
3471,Yavuz Selim,Esenler,40349,41.035860881310434,28.891242427246333
26608,Akçaburgaz,Esenyurt,40880,41.06969109008421,28.63771084638161
12300,Akevler,Esenyurt,181498,41.01813433473279,28.676641592125353
7943,Akşemseddin,Esenyurt,181504,41.01719126773752,28.697329441282857
8066,Ardıçlı,Esenyurt,40861,41.04844001780111,28.67947328558283
15713,Aşık Veysel,Esenyurt,181518,41.061714927850346,28.674062700644757
15633,Atatürk,Esenyurt,40881,41.03619693869743,28.632387237547462
29653,Balıkyolu,Esenyurt,181510,41.03820740224699,28.690499486423693
27731,Barbaros Hayrettin Paşa,Esenyurt,181488,41.021108667437254,28.64078146313821
17924,Battalgazi,Esenyurt,181526,41.038842446619334,28.656642174215797
31640,Çınar,Esenyurt,181514,41.03993180233299,28.667037758312592
14338,Cumhuriyet,Esenyurt,40865,41.01713861594934,28.64921184145837
9482,Esenkent,Esenyurt,40862,41.058882121957886,28.682088668556887
27586,Fatih,Esenyurt,40851,41.03027980967546,28.67608881429619
16483,Gökevler,Esenyurt,181490,41.025227055892856,28.631513377627737
17554,Güzelyurt,Esenyurt,40895,41.01029368707567,28.66696868497248
28560,Hürriyet,Esenyurt,181482,41.03135998827785,28.64542031710586
27941,İncirtepe,Esenyurt,40852,41.02121106531701,28.692701285516033
26536,İnönü,Esenyurt,40853,41.026609184356666,28.688871311724668
18844,İstiklal,Esenyurt,40879,41.03683053296936,28.64957199688222
9295,Koza,Esenyurt,181522,41.060749588519286,28.662491234516946
26327,Mehmet Akif Ersoy,Esenyurt,181494,41.01591481697149,28.667560632164353
37378,Mehterçeşme,Esenyurt,40854,41.01911611463603,28.661680459714376
32537,Merkez,Esenyurt,40855,41.036258781095555,28.674868423091695
14701,Mevlana,Esenyurt,181492,41.01293446581848,28.654933261441506
23318,Namık Kemal,Esenyurt,40856,41.00777783581546,28.689553277344633
20160,Necip Fazıl Kısakürek,Esenyurt,181484,41.03073992371881,28.654168752705203
17665,Orhan Gazi,Esenyurt,40863,41.066417125692254,28.65705579490595
20222,Örnek,Esenyurt,40857,41.04471852084384,28.670430058313453
30900,Osmangazi,Esenyurt,181480,41.04310834582165,28.647439600856202
42595,Pınar,Esenyurt,40864,41.03394184168688,28.66682699638438
16469,Piri Reis,Esenyurt,181486,41.0264828698485,28.649192995298932
24174,Saadetdere,Esenyurt,40858,41.00864777054882,28.697354472021672
16977,Şehitler,Esenyurt,181524,41.03405585016018,28.655739824712917
29913,Selahaddin Eyyubi,Esenyurt,181516,41.04280529439798,28.660015602697868
34601,Süleymaniye,Esenyurt,181512,41.04391371493228,28.684949805557675
22249,Sultaniye,Esenyurt,181508,41.03568940317499,28.68487010269374
28619,Talatpaşa,Esenyurt,40859,41.023482188715356,28.671820242968757
27220,Turgut Özal,Esenyurt,181502,41.00363126084174,28.696942864603216
27280,Üçevler,Esenyurt,181496,41.026879156158024,28.680933280199167
23293,Yenikent,Esenyurt,40860,41.039416273466735,28.681142851765735
36488,Yeşilkent,Esenyurt,40866,41.02456026573528,28.66142664240726
22601,Yunus Emre,Esenyurt,181506,41.02702438321715,28.695706004896962
22852,Zafer,Esenyurt,181500,41.01454406739204,28.682169330802036
12279,5.Levent,Eyüpsultan,116251,41.089003167492606,28.948629491596186
38332,Akşemsettin,Eyüpsultan,40358,41.08420483126201,28.924133518237166
13392,Alibeyköy,Eyüpsultan,40359,41.07965498797654,28.946574622363073
37557,Çırçır,Eyüpsultan,40360,41.08141347075751,28.93639252365993
4461,Defterdar,Eyüpsultan,40361,41.03642006741937,28.9316603648165
17564,Düğmeciler,Eyüpsultan,40362,41.04466614839521,28.92704808595965
10637,Emniyettepe,Eyüpsultan,40363,41.06865365795611,28.950142277352764
22014,Esentepe,Eyüpsultan,40364,41.069024202177204,28.937560390966144
39235,Göktürk Merkez,Eyüpsultan,40379,41.180422090927784,28.889046006751155
33653,Güzeltepe,Eyüpsultan,40366,41.07813039317989,28.955480994164354
16075,İslambey,Eyüpsultan,40367,41.05230750959993,28.927535166265734
31804,Karadolap,Eyüpsultan,40368,41.07431614723145,28.933652616268844
11706,Merkez,Eyüpsultan,40365,41.05569431131675,28.93657516631736
7490,Mimar Sinan,Eyüpsultan,40369,41.15672596414377,28.91796759936368
8909,Mithatpaşa,Eyüpsultan,40370,41.16109166755548,28.903393795559207
15119,Nişancı,Eyüpsultan,40371,41.04207081657938,28.933185015421707
3409,Pirinççi,Eyüpsultan,191753,41.16347278712003,28.851069104676373
14715,Rami Cuma,Eyüpsultan,40372,41.04981129948958,28.92229025085848
14824,Rami Yeni,Eyüpsultan,40373,41.05154447799046,28.917744091849084
10770,Sakarya,Eyüpsultan,40374,41.066389924319935,28.940924499803003
10158,Silahtarağa,Eyüpsultan,40375,41.06167464528462,28.93972404772579
5142,Topçular,Eyüpsultan,40376,41.04037267911108,28.921494957188848
38486,Yeşilpınar,Eyüpsultan,40378,41.07711344441152,28.92058730327767
8089,Aksaray,Fatih,99127,41.00520386811247,28.94861762645827
18608,Akşemsettin,Fatih,99137,41.01780208749531,28.94440681172342
9492,Ali Kuşçu,Fatih,99141,41.02133905919093,28.948436258871933
13152,Atikali,Fatih,99140,41.024788471352444,28.94475374318689
15200,Ayvansaray,Fatih,99146,41.03504717914072,28.94267409750831
10996,Balat,Fatih,99145,41.02898137658343,28.94838188557977
7490,Cerrahpaşa,Fatih,99128,41.00453461603266,28.938835740394943
6979,Cibali,Fatih,99143,41.02284529875288,28.957555445877137
16725,Derviş Ali,Fatih,40422,41.028382693601735,28.94035126704196
8692,Haseki Sultan,Fatih,99129,41.01031627714363,28.94074729728135
20257,Hırka-İ Şerif,Fatih,İ Şerif),41.021896086531676,28.939460600358476
11316,İskenderpaşa,Fatih,40397,41.01337241373797,28.949887284734842
2143,Kalenderhane,Fatih,40319,41.01409667565661,28.957989352704626
10253,Karagümrük,Fatih,99139,41.026448464931235,28.933461478751518
18471,Koca Mustafapaşa,Fatih,40390,41.000369051383394,28.93216431172081
17590,Mevlanakapı,Fatih,99134,41.01296062920944,28.9243031585898
11611,Molla Gürani,Fatih,99136,41.013809221931815,28.940830317384123
4056,Nişanca,Fatih,40329,41.0049461990067,28.95915220908936
19499,Şehremini,Fatih,99133,41.01393803519825,28.932686057453086
23649,Seyyid Ömer,Fatih,40387,41.009056666621234,28.9330909669221
14926,Silivrikapı,Fatih,99132,41.005271971355235,28.925624562060662
15337,Sümbül Efendi,Fatih,99131,41.0017264519743,28.92582512543535
10288,Topkapı,Fatih,99135,41.01977640114268,28.93190132991703
15913,Yavuz Sultan Selim,Fatih,99144,41.02652988540816,28.95451513927432
15417,Yedikule,Fatih,99130,40.994333892650005,28.924973200635428
12465,Zeyrek,Fatih,99142,41.0185035909433,28.95528841485646
28425,Bağlarbaşı,Gaziosmanpaşa,40454,41.06521938878565,28.913517452050097
47627,Barbaros Hayrettin Paşa,Gaziosmanpaşa,40459,41.07495585336543,28.889709213698122
23068,Fevzi Çakmak,Gaziosmanpaşa,40457,41.072469831820754,28.908448227353592
27363,Hürriyet,Gaziosmanpaşa,40458,41.0675023191731,28.89974869241299
71175,Karadeniz,Gaziosmanpaşa,40464,41.081916104662575,28.884692838158497
38738,Karayolları,Gaziosmanpaşa,40463,41.08580277118762,28.89967536743712
19021,Karlıtepe,Gaziosmanpaşa,40451,41.057180573359524,28.92800146535724
42953,Kazım Karabekir,Gaziosmanpaşa,40461,41.07862638570607,28.912807042090222
30063,Merkez,Gaziosmanpaşa,40455,41.05992012310149,28.9095420100008
23306,Mevlana,Gaziosmanpaşa,40462,41.0878935824299,28.91302257108975
11550,Pazariçi,Gaziosmanpaşa,40450,41.05935924816344,28.934213267042928
24933,Sarıgöl,Gaziosmanpaşa,40453,41.06066071909284,28.918762769400285
24656,Şemsipaşa,Gaziosmanpaşa,40456,41.064974187132655,28.904892671648025
7570,Yenidoğan,Gaziosmanpaşa,40452,41.037819607928085,28.913753342498552
35600,Yeni Mahalle,Gaziosmanpaşa,40460,41.075774460373204,28.901033026007664
23883,Yıldıztabya,Gaziosmanpaşa,40449,41.06367998571072,28.92887933558501
20864,Abdurrahman Nafiz Gürman,Güngören,40504,41.00610252861013,28.888632428468018
18844,Akıncılar,Güngören,40497,41.0160719969982,28.8693070366396
41115,Gençosman,Güngören,40498,41.02959145293491,28.879138477669745
46642,Güneştepe,Güngören,40499,41.02537488071004,28.865158174213818
15026,Güven,Güngören,40500,41.01241584820991,28.87463086967416
18782,Haznedar,Güngören,40501,41.01064027012925,28.869740295819174
28316,Mareşal Çakmak,Güngören,40502,41.01844387164085,28.864972608074066
8389,Mehmet Nesih Özmen,Güngören,40506,41.01310075681384,28.88586790176182
41855,Merkez,Güngören,40496,41.020669416712096,28.872640539554553
11611,Sanayi,Güngören,40503,41.02039543823637,28.881213388431032
13387,Tozkoparan,Güngören,40505,41.01493881945467,28.896599158308888
31864,19 Mayıs,Kadıköy,40528,40.97498690205374,29.08883321061064
28600,Acıbadem,Kadıköy,40509,41.000352465397754,29.03779681914005
32415,Bostancı,Kadıköy,40523,40.9573747222016,29.09473843843307
20209,Caddebostan,Kadıköy,40521,40.96750858762823,29.05912193894229
21350,Caferağa,Kadıköy,40512,40.98596851100364,29.025773949229574
10170,Dumlupınar,Kadıköy,40518,40.99470639847358,29.060893219390497
12988,Eğitim,Kadıköy,40516,40.98849554892794,29.049203596939915
34438,Erenköy,Kadıköy,40524,40.97206884177609,29.07704436428808
20571,Fenerbahçe,Kadıköy,40514,40.97287711910101,29.04391719470787
25300,Feneryolu,Kadıköy,40515,40.98287475990381,29.048582951476657
12305,Fikirtepe,Kadıköy,40517,40.99368594371133,29.05071248870814
38613,Göztepe,Kadıköy,40520,40.97716579100418,29.062242464588408
15918,Hasanpaşa,Kadıköy,40510,40.99575952664822,29.041480796055396
6660,Koşuyolu,Kadıköy,40508,41.00707604975098,29.034451004893775
36873,Kozyatağı,Kadıköy,40529,40.96893575347471,29.097133739605216
30620,Merdivenköy,Kadıköy,40519,40.98696609341817,29.069167362000037
7497,Osmanağa,Kadıköy,40511,40.98923155434331,29.03042171143841
12086,Rasimpaşa,Kadıköy,40507,40.995909173658696,29.027383348669314
30112,Sahrayıcedit,Kadıköy,40525,40.98418004799424,29.084328293524923
25697,Suadiye,Kadıköy,40522,40.96149384638002,29.08253863416564
7903,Zühtüpaşa,Kadıköy,40513,40.98620850163865,29.039230015413835
30545,Çağlayan,Kağıthane,40535,41.078144516154666,28.980524108317653
31829,Çeliktepe,Kağıthane,40536,41.08390230067552,28.99985324957418
8457,Emniyet Evleri,Kağıthane,40537,41.08666406501036,29.004317954835617
13819,Gültepe,Kağıthane,40538,41.079089850105575,28.993739302706956
29569,Gürsel,Kağıthane,40539,41.07091050457037,28.97272760064605
40778,Hamidiye,Kağıthane,40541,41.095340967382946,28.973267956746245
21137,Harmantepe,Kağıthane,40540,41.08167579994874,28.99119553104964
20081,Hürriyet,Kağıthane,40542,41.0740515488983,28.986103695266074
12173,Mehmet Akif Ersoy,Kağıthane,40544,41.05971661936232,28.95602715831541
33977,Merkez,Kağıthane,40543,41.082520227126565,28.971350133531082
26457,Nurtepe,Kağıthane,40545,41.07547285814032,28.9626825577556
22073,Ortabayır,Kağıthane,40546,41.078313071245205,29.004123608249063
23745,Seyrantepe,Kağıthane,40548,41.095700910087,28.98858190743471
22049,Şirintepe,Kağıthane,40549,41.08883185134148,28.991530269896206
35444,Sultan Selim,Kağıthane,40547,41.09073531147238,28.999895960329155
32931,Talatpaşa,Kağıthane,40550,41.06307860886175,28.963769525440682
11251,Telsizler,Kağıthane,40551,41.07799296011622,28.998226600578533
16716,Yahya Kemal,Kağıthane,40552,41.084983272801544,28.98752124325854
11789,Yeşilce,Kağıthane,40553,41.09564125214746,29.00052700455494
31298,Atalar,Kartal,40554,40.902765787878685,29.172032946927754
14968,Çavuşoğlu,Kartal,40558,40.89072651395891,29.20123255434221
25862,Cevizli,Kartal,40555,40.91347433497581,29.17359014467354
23697,Cumhuriyet,Kartal,40556,40.90714670710612,29.220359178766007
30751,Esentepe,Kartal,40559,40.906531546065686,29.192497792941282
26666,Gümüşpınar,Kartal,40560,40.920355992763305,29.20748369805426
50253,Hürriyet,Kartal,40561,40.90321663136826,29.2341321918161
33479,Karlıktepe,Kartal,40562,40.89958511612107,29.19360604125205
12639,Kordonboyu,Kartal,40563,40.88760296139172,29.184921226986784
26248,Orhantepe,Kartal,40564,40.904949534585626,29.151201160529997
18221,Orta,Kartal,40565,40.9132590305984,29.206883481025905
29166,Petrol İş,Kartal,40566,40.89719255790356,29.1785387685188
28094,Soğanlık Yeni,Kartal,40567,40.91738626975569,29.191666762911694
12580,Topselvi,Kartal,40568,40.89866873057753,29.21482157024839
40138,Uğur Mumcu,Kartal,40569,40.9332063583002,29.2136207338821
18348,Yakacık Çarşı,Kartal,40557,40.91730859732393,29.22392135730125
19509,Yakacık Yeni,Kartal,40570,40.923924484946696,29.222093181588253
12104,Yalı,Kartal,40571,40.89456616107027,29.220844700621605
7377,Yukarı,Kartal,40572,40.89104794623598,29.18363723499876
14461,Yunus,Kartal,40573,40.890121425825406,29.21207050715092
105519,Atakent,Küçükçekmece,40582,41.048335877496456,28.775565051868867
41529,Atatürk,Küçükçekmece,40591,41.05405933915813,28.797648966922225
3638,Beşyol,Küçükçekmece,40603,40.99194475254478,28.795985483889034
28720,Cennet,Küçükçekmece,40607,40.98926052669295,28.779023134451037
52736,Cumhuriyet,Küçükçekmece,40601,41.00049727161863,28.775200655735727
10921,Fatih,Küçükçekmece,40606,40.998243149190806,28.7724072889373
26474,Fevzi Çakmak,Küçükçekmece,40596,41.00731284176965,28.790568258870014
29102,Gültepe,Küçükçekmece,40589,40.99536016390346,28.7917441159769
80115,Halkalı Merkez,Küçükçekmece,40590,41.03312100847055,28.793012694741847
71925,İnönü,Küçükçekmece,40592,41.021585763430494,28.799007097225537
43148,İstasyon,Küçükçekmece,40605,41.02268797211881,28.77205767654264
69146,Kanarya,Küçükçekmece,40604,41.01045145785568,28.778739844856158
13560,Kartaltepe,Küçükçekmece,40588,41.003005610569595,28.80371147047271
14351,Kemalpaşa,Küçükçekmece,40594,41.00200029301371,28.794008362222446
52374,Mehmet Akif,Küçükçekmece,40586,41.0568018033849,28.805243113457372
33564,Söğütlü Çeşme,Küçükçekmece,40587,41.01993750168492,28.78720394870913
15551,Sultan Murat,Küçükçekmece,40595,41.00190542374196,28.787473608026414
35312,Tevfikbey,Küçükçekmece,40593,41.00961460890203,28.802021499233078
8759,Yarımburgaz,Küçükçekmece,40599,41.04925555408262,28.753184067476013
20150,Yeni Mahalle,Küçükçekmece,40600,40.99600229695761,28.777745208587397
32433,Yeşilova,Küçükçekmece,40602,40.99220680402114,28.786842608025037
32397,Altayçeşme,Maltepe,40612,40.93531250238285,29.131008094123516
30926,Altıntepe,Maltepe,40613,40.95357402764137,29.104132800910676
21100,Aydınevler,Maltepe,40617,40.95159340764671,29.125481840157686
41242,Bağlarbaşı,Maltepe,40615,40.925745379268314,29.13962397251218
26229,Başıbüyük,Maltepe,40625,40.9574074853258,29.147684241367386
11514,Büyükbakkalköy,Maltepe,40624,40.96968447279456,29.199836331436675
40777,Cevizli,Maltepe,40614,40.91919582519801,29.153730488410638
20702,Çınar,Maltepe,40608,40.944558162314195,29.114751589543744
18361,Esenkent,Maltepe,40620,40.92651834631553,29.16538473444073
20217,Feyzullah,Maltepe,40610,40.930183326837216,29.12476255773539
63583,Fındıklı,Maltepe,40619,40.970501150814975,29.13153213243852
19393,Girne,Maltepe,40618,40.94178561188853,29.13891445661312
13736,Gülensu,Maltepe,40622,40.93824602801355,29.162232317092737
14534,Gülsuyu,Maltepe,40621,40.929088853515395,29.158210928176278
24601,İdealtepe,Maltepe,40609,40.939608010596025,29.119331152077763
25192,Küçükyalı Merkez,Maltepe,40611,40.94874853429831,29.110314060034266
12400,Yalı,Maltepe,40616,40.91859758230575,29.13211640090086
88017,Zümrütevler,Maltepe,40623,40.9405834323066,29.151652002035004
30930,Ahmet Yesevi,Pendik,40632,40.870040494737935,29.307243745210346
12699,Bahçelievler,Pendik,40628,40.886449390842465,29.236773192388274
13505,Batı,Pendik,40633,40.87728539424276,29.22700785146163
32025,Çamçeşme,Pendik,40649,40.87246642402461,29.27342387191919
20858,Çamlık,Pendik,40656,40.92631969228823,29.279056726530182
20956,Çınardere,Pendik,40644,40.896472970839504,29.241516125908845
15083,Doğu,Pendik,40627,40.87847838899763,29.242798525640687
27106,Dumlupınar,Pendik,40626,40.889221913583775,29.250295470218706
12468,Ertuğrul Gazi,Pendik,40635,40.91729706072839,29.26235609696796
33358,Esenler,Pendik,40638,40.886986877680954,29.27248651229058
14025,Esenyalı,Pendik,40643,40.86061538575586,29.29257601254413
21292,Fatih,Pendik,40647,40.868607734117354,29.29884687531542
38410,Fevzi Çakmak,Pendik,40629,40.88290641341111,29.265377929919392
19001,Güllü Bağlar,Pendik,40640,40.89700268977532,29.27392218499961
33562,Güzelyalı,Pendik,40634,40.857624673680206,29.279893617935134
9947,Harmandere,Pendik,40636,40.93149155745978,29.325706685284892
65879,Kavakpınar,Pendik,40646,40.87983346651713,29.28449305714406
46570,Kaynarca,Pendik,40631,40.87926009623712,29.25761997248534
38756,Kurtköy,Pendik,40654,40.91456521981026,29.297317912551986
28088,Orhangazi,Pendik,40650,40.867761724786554,29.29022887250651
3317,Orta,Pendik,40645,40.88985087749836,29.242181412267257
2427,Ramazanoğlu,Pendik,40639,40.89796440953289,29.286665096909836
2999,Sanayi,Pendik,40651,40.91163582054512,29.31097229009205
12396,Sapan Bağları,Pendik,40637,40.88489410514325,29.22109377447513
19684,Şeyhli,Pendik,40630,40.90952010065505,29.285794740662702
25520,Sülüntepe,Pendik,40655,40.91418605931234,29.275933353748872
42389,Velibaba,Pendik,40642,40.90747353927463,29.25354897894098
13555,Yayalar,Pendik,40641,40.904538846540284,29.268417904598795
15944,Yeni,Pendik,40652,40.8851739364743,29.228249666523592
65637,Yenişehir,Pendik,40653,40.93324525516713,29.30605054490275
6925,Yeşilbağlar,Pendik,40648,40.89266800167199,29.226689444306036
48213,Abdurrahmangazi,Sancaktepe,40579,40.99713715167668,29.233597438412037
24636,Akpınar,Sancaktepe,40575,40.969701617388566,29.23071264980379
31969,Atatürk,Sancaktepe,98781,41.01214846230646,29.22503161541759
27327,Emek,Sancaktepe,40759,41.0024110368472,29.19647213391815
23874,Eyüp Sultan,Sancaktepe,40578,40.983079314283316,29.222223657851423
38220,Fatih,Sancaktepe,40576,40.961849426486104,29.2156512358499
6071,Hilal,Sancaktepe,40776,41.02425350027885,29.258040985618308
24459,İnönü,Sancaktepe,40760,41.01291897382163,29.213264409432426
22554,Kemal Türkler,Sancaktepe,40761,41.004326554548946,29.221323546941978
27588,Meclis,Sancaktepe,40762,41.01046914311534,29.198559070797977
21319,Merve,Sancaktepe,40775,41.00433017300894,29.246769850428915
22313,Mevlana,Sancaktepe,40773,41.01163477131361,29.262447325054552
52856,Osmangazi,Sancaktepe,40580,40.98301011716267,29.240359911700597
24884,Safa,Sancaktepe,40771,41.00995652728317,29.249860169112065
23803,Sarıgazi,Sancaktepe,40763,41.004586449369285,29.20955592280611
26644,Veysel Karani,Sancaktepe,40574,40.96834009375837,29.24149972369839
24839,Yenidoğan,Sancaktepe,40774,41.01284715999326,29.238347830478343
28750,Yunus Emre,Sancaktepe,40772,41.017988304075914,29.250567520798885
34606,Ayazağa,Sarıyer,40686,41.11706055137469,28.99813727161556
2231,Bahçeköy Kemer,Sarıyer,40684,41.17372564296567,28.98879076084463
3609,Bahçeköy Merkez,Sarıyer,40682,41.17739313064347,28.99211789594411
4968,Bahçeköy Yeni,Sarıyer,40683,41.17919204353522,28.995138195299525
5043,Baltalimanı,Sarıyer,40657,41.09672634660163,29.045153224504737
8239,Büyükdere,Sarıyer,40658,41.162487744291624,29.041277113148784
5680,Çamlıtepe,Sarıyer,40660,41.129706459713326,29.03204999667929
4690,Çayırbaşı,Sarıyer,40661,41.1580009722624,29.031891581102414
10765,Cumhuriyet,Sarıyer,40659,41.14683196187546,29.0333939759163
8958,Darüşşafaka,Sarıyer,40662,41.12145884270323,29.031849522620913
8052,Emirgan,Sarıyer,40663,41.10153841657563,29.05223108345823
15702,Fatih Sultan Mehmet,Sarıyer,40664,41.095215018977484,29.03366122422382
15128,Ferahevler,Sarıyer,40665,41.13039829305453,29.043184809167883
2519,Gümüşdere,Sarıyer,191769,41.237065009059194,28.9841241480985
8195,Huzur,Sarıyer,40700,41.104612199765356,28.997348327710284
15574,İstinye,Sarıyer,40666,41.115747424777005,29.05052717888569
7787,Kazım Karabekir Paşa,Sarıyer,40667,41.163987363415394,29.0271887933245
6592,Kireçburnu,Sarıyer,40668,41.14585561809822,29.048203229653872
4492,Kocataş,Sarıyer,40669,41.169270310044794,29.035751660248756
14116,Maden,Sarıyer,40670,41.18000004603103,29.043763938081387
13153,Maslak,Sarıyer,40704,41.11313032093043,29.0153813959093
10874,Pınar,Sarıyer,40672,41.11374758777518,29.031714660894238
6225,Poligon,Sarıyer,40673,41.11743447762901,29.04093262422662
5213,Ptt Evleri,Sarıyer,40674,41.15580758324154,29.023526492116865
16014,Reşitpaşa,Sarıyer,40675,41.10702257639556,29.040950786915257
4074,Rumelifeneri,Sarıyer,191775,41.23465997975863,29.109026999587922
9244,Rumelihisarı,Sarıyer,40676,41.0876189696044,29.049020250929452
3560,Rumelikavağı,Sarıyer,40677,41.182430298653955,29.072840710211096
11571,Sarıyer Merkez,Sarıyer,40671,41.170029384922955,29.049705798089413
17598,Tarabya,Sarıyer,40678,41.13776872667351,29.050629810745342
10197,Uskumruköy,Sarıyer,191777,41.2170313790411,29.024738562434127
14718,Yeniköy,Sarıyer,40680,41.12326450174033,29.059334057280143
3260,Yeni,Sarıyer,40679,41.17394956904052,29.06376185122277
23549,Zekeriyaköy,Sarıyer,191779,41.20494004969876,29.024235414671754
10559,19 Mayıs,Şişli,40685,41.06004639792848,28.99166720092589
9736,Bozkurt,Şişli,40687,41.04931610505464,28.98367328395059
7541,Cumhuriyet,Şişli,40688,41.056170499722654,28.98202782253232
7542,Duatepe,Şişli,40689,41.05318802503593,28.981217014352467
2253,Ergenekon,Şişli,40690,41.04786667874851,28.98617924475421
7174,Esentepe,Şişli,40691,41.071159792935305,29.011165757857622
11247,Eskişehir,Şişli,40692,41.045173479377716,28.981022412504824
13458,Feriköy,Şişli,40693,41.04914916874724,28.97949418502097
16416,Fulya,Şişli,40694,41.062202117806876,28.998056235022545
22983,Gülbahar,Şişli,40695,41.07280748064743,29.00016433048628
16632,Halide Edip Adıvar,Şişli,40696,41.061540035844494,28.976859859158367
6729,Halil Rıfat Paşa,Şişli,40697,41.05845071565955,28.968109396387707
2339,Harbiye,Şişli,40699,41.044229504995165,28.990521690119873
3107,İnönü,Şişli,40711,41.043518991335446,28.98437804262575
7595,İzzet Paşa,Şişli,40712,41.06922317292543,28.986133700578215
3202,Kaptanpaşa,Şişli,40701,41.06361468085384,28.972852859372566
15339,Kuştepe,Şişli,40702,41.07226659067638,28.990937039280755
17999,Mahmut Şevket Paşa,Şişli,40703,41.05217128966764,28.964944946948734
18926,Mecidiyeköy,Şişli,40705,41.07057356820425,28.99585210546486
12906,Merkez,Şişli,40706,41.060676558070064,28.987651122304577
7040,Meşrutiyet,Şişli,40707,41.05515517437788,28.99091092868926
18833,Paşa,Şişli,40708,41.05398712925503,28.97305936996065
10631,Teşvikiye,Şişli,40709,41.05156907733878,28.997010073655527
11269,Yayla,Şişli,40710,41.04773535039654,28.975077885517003
27523,Abdurrahmangazi,Sultanbeyli,40949,40.964365311837746,29.25714302028346
36062,Adil,Sultanbeyli,40943,40.98066908252345,29.25929617141831
29780,Ahmet Yesevi,Sultanbeyli,40942,40.97312998775665,29.273851916834438
13886,Akşemsettin,Sultanbeyli,40956,40.94740653984788,29.298978970226944
39618,Battalgazi,Sultanbeyli,40944,40.984436786261135,29.277081348128903
20922,Fatih,Sultanbeyli,40951,40.954668198410204,29.274161009000103
26295,Hamidiye,Sultanbeyli,40952,40.95373982893605,29.288101854324665
17403,Hasanpaşa,Sultanbeyli,40948,40.968214914566424,29.250046496655404
21859,Mecidiye,Sultanbeyli,40945,40.95629603047563,29.302285231603353
28367,Mehmet Akif,Sultanbeyli,40950,40.961061281372196,29.266590686748224
26709,Mimar Sinan,Sultanbeyli,40946,40.996474162829664,29.2688748088952
22951,Necip Fazıl,Sultanbeyli,40954,40.9388987788984,29.277870877184192
17565,Orhangazi,Sultanbeyli,40955,40.9388987788984,29.277870877184192
19882,Turgut Reis,Sultanbeyli,40947,40.96385286728933,29.283640215706352
20371,Yavuz Selim,Sultanbeyli,40953,40.94743204985552,29.276824019799825
69818,50. Yıl,Sultangazi,40471,41.09283690445753,28.872208470809408
31726,75. Yıl,Sultangazi,40467,41.096031208218115,28.90610645486356
14173,Cumhuriyet,Sultangazi,40465,41.08693207098443,28.877247256590774
63070,Esentepe,Sultangazi,40470,41.099743682972424,28.8828582612442
13811,Eski Habipler,Sultangazi,40356,41.13175123010282,28.83138544410776
34866,Gazi,Sultangazi,40469,41.105358031868064,28.898522568283056
7988,Habibler,Sultangazi,40477,41.13163179729511,28.84162462695278
54197,İsmetpaşa,Sultangazi,40475,41.108151180188706,28.854928454346148
13077,Malkoçoğlu,Sultangazi,40476,41.11556959622597,28.848256454909322
37567,Sultançiftliği,Sultangazi,40472,41.098027900414436,28.86053007623336
41299,Uğur Mumcu,Sultangazi,40473,41.100391352413666,28.868916552335932
52061,Yunus Emre,Sultangazi,40466,41.097221178468175,28.894927026471358
31350,Zübeyde Hanım,Sultangazi,40468,41.102934951390935,28.90820586691012
72942,Aydınlı,Tuzla,40720,40.872259978024005,29.328822222931795
27173,Aydıntepe,Tuzla,40717,40.854355392650135,29.29638954965484
5996,Cami,Tuzla,40724,40.81786819400719,29.312206716795004
14403,Evliya Çelebi,Tuzla,40718,40.83912849359414,29.298279807853394
11427,İçmeler,Tuzla,40716,40.847241262302546,29.303702502300506
26338,İstasyon,Tuzla,40723,40.826998172228805,29.32344106273146
5227,Mescit,Tuzla,40732,40.895979869158204,29.351122043063114
28607,Mimar Sinan,Tuzla,40721,40.836608463100035,29.365329475314326
11305,Orta,Tuzla,40729,40.89596857060126,29.375005841163663
21328,Postane,Tuzla,40719,40.82004970055765,29.290341217998783
32095,Şifa,Tuzla,40722,40.827449976276725,29.3568479884032
7185,Tepeören,Tuzla,40726,40.90965857794958,29.38653822581594
30538,Yayla,Tuzla,40715,40.83346752782966,29.309223472458797
16756,Adem Yavuz,Ümraniye,98684,41.02100282773731,29.154701377627124
28476,Altınşehir,Ümraniye,98685,41.01187615352251,29.14358033075871
39743,Armağanevler,Ümraniye,98686,41.01736426391187,29.116045749872583
15124,Aşağı Dudullu,Ümraniye,40742,41.02346579160633,29.165518779394812
20188,Atakent,Ümraniye,40748,41.01768322350856,29.108128263486478
24016,Atatürk,Ümraniye,40735,41.02536448746016,29.092056100091522
38141,Çakmak,Ümraniye,40738,41.01440806533172,29.1260280176655
24233,Çamlık,Ümraniye,98689,41.00459316135947,29.12399355007492
21788,Cemil Meriç,Ümraniye,98688,41.0211369769245,29.146147327148153
12050,Dumlupınar,Ümraniye,98690,41.04837856334159,29.09400669811504
22295,Elmalıkent,Ümraniye,98691,41.03804011424479,29.0967240580312
26204,Esenevler,Ümraniye,98692,41.012818680848326,29.092081457185113
21343,Esenkent,Ümraniye,98709,40.99660037860731,29.189947001072607
20595,Esenşehir,Ümraniye,40747,41.00820683261044,29.1681065521142
4690,Fatih Sultan Mehmet,Ümraniye,98693,41.02561456095591,29.122725457967153
8450,Finanskent,Ümraniye,199721,41.00208162848723,29.11155946625892
7411,Hekimbaşı,Ümraniye,40744,41.059512210307325,29.09702374246547
12101,Huzur,Ümraniye,98694,41.029744407132696,29.161194489274866
15771,Ihlamurkuyu,Ümraniye,40745,41.02446597644981,29.13389661341011
36091,İnkılap,Ümraniye,40737,41.03789106228498,29.112888597037255
48067,İstiklal,Ümraniye,40739,41.01986339129404,29.100169827100718
15745,Kazım Karabekir,Ümraniye,40743,41.04200769122195,29.104850004382225
15930,Madenler,Ümraniye,98695,41.01228141036619,29.18513763417294
26315,Mehmet Akif,Ümraniye,98696,41.00780120825578,29.137123089833747
28517,Namık Kemal,Ümraniye,40736,41.02102069124797,29.089310259152438
28856,Necip Fazıl,Ümraniye,98699,41.01976939533651,29.174004128830436
15874,Parseller,Ümraniye,98700,41.0298982052277,29.15384126939561
9495,Şerifali,Ümraniye,98703,41.00005608295521,29.148038658306874
21574,Site,Ümraniye,98702,41.00894424982755,29.115567110879592
11820,Tantavi,Ümraniye,98704,41.03133517846472,29.087259219114976
23294,Tatlısu,Ümraniye,98705,41.0008588476879,29.13418074268503
13349,Tepeüstü,Ümraniye,98706,41.01712085791412,29.132749769393836
13693,Topağacı,Ümraniye,98707,41.05002419718466,29.10430765732632
18304,Yamanevler,Ümraniye,98708,41.02759883568271,29.102164618466873
21482,Yukarı Dudullu,Ümraniye,40741,41.0094070237925,29.155745042404853
23385,Acıbadem,Üsküdar,40778,41.00690292611285,29.054078787337165
8411,Ahmediye,Üsküdar,98664,41.018383010865705,29.01666212543598
12129,Altunizade,Üsküdar,40781,41.01826431404245,29.047375210678855
8246,Aziz Mahmut Hüdayi,Üsküdar,98665,41.022548981631175,29.01194571009477
23334,Bahçelievler,Üsküdar,40785,41.052092493738286,29.08093802033466
16628,Barbaros,Üsküdar,40786,41.01502142206752,29.03548380068053
5106,Beylerbeyi,Üsküdar,40787,41.042008725444134,29.045581777068044
30494,Bulgurlu,Üsküdar,40788,41.01850771328263,29.079593025941424
16290,Burhaniye,Üsküdar,40789,41.02817085079483,29.053395742688767
13447,Çengelköy,Üsküdar,98666,41.050663102812294,29.057760615148307
37895,Cumhuriyet,Üsküdar,40790,41.010928877700906,29.08068212393087
21661,Ferah,Üsküdar,40794,41.034181658615005,29.07332404979827
13309,Güzeltepe,Üsküdar,40797,41.049030406685844,29.069900026226794
15624,İcadiye,Üsküdar,40802,41.02856713199246,29.032760571081102
9060,Kirazlıtepe,Üsküdar,40808,41.03973790090684,29.060487750922672
20195,Kısıklı,Üsküdar,40809,41.024603691196084,29.073140534174566
11066,Küçük Çamlıca,Üsküdar,98667,41.017972414592876,29.060076369709016
18345,Küçüksu,Üsküdar,40812,41.06574128326823,29.071580707810863
4092,Kuleli,Üsküdar,40810,41.05965788304303,29.059297023375862
16782,Küplüce,Üsküdar,40813,41.03627656699606,29.054720521082064
3906,Kuzguncuk,Üsküdar,40811,41.03440477558424,29.032178761401685
18615,Mehmet Akif Ersoy,Üsküdar,40814,41.04237631887355,29.073053483334192
11344,Mimar Sinan,Üsküdar,98668,41.02294813021542,29.018958705781994
13558,Muratreis,Üsküdar,40815,41.0218519713528,29.0296250474435
9358,Salacak,Üsküdar,40804,41.01633484588272,29.012449721684387
13101,Selami Ali,Üsküdar,40819,41.025887591073506,29.028696182165728
7922,Selimiye,Üsküdar,40820,41.0062583127984,29.018819390188053
10647,Sultantepe,Üsküdar,98669,41.0290480753054,29.021565047226453
34746,Ünalan,Üsküdar,40827,41.000342099624206,29.066078263477884
19895,Valide-İ Atik,Üsküdar,İ Atik),41.01829128376606,29.026969224212635
31227,Yavuztürk,Üsküdar,40830,41.04162869561529,29.085910932818894
11765,Zeynep Kamil,Üsküdar,98670,41.01568947452636,29.02237528551582
20761,Beştelsiz,Zeytinburnu,40838,40.999501835858354,28.906213327343107
25915,Çırpıcı,Zeytinburnu,40837,41.000319111829405,28.896250038205704
18543,Gökalp,Zeytinburnu,40834,40.99240920594031,28.907199189771863
5240,Kazlıçeşme,Zeytinburnu,40840,40.985137641377634,28.90726129756976
9948,Maltepe,Zeytinburnu,40843,41.02079221945644,28.906845020793444
23894,Merkezefendi,Zeytinburnu,40842,41.0129238469611,28.913200632163864
26343,Nuripaşa,Zeytinburnu,40832,40.986659583020185,28.901036608305052
22028,Seyitnizam,Zeytinburnu,40841,41.00588211498956,28.902044844047612
38071,Sümer,Zeytinburnu,40831,40.98688270965692,28.8948396500727
33905,Telsiz,Zeytinburnu,40839,40.99996288674256,28.91197248103792
24431,Veliefendi,Zeytinburnu,40836,40.99599373605732,28.897751428406444
9632,Yenidoğan,Zeytinburnu,40833,40.98848629556013,28.905895045875912
19633,Yeşiltepe,Zeytinburnu,40835,40.99230310997909,28.901033152142045
